1|1910|1911|24 HP|A||601|650|601|650|No car designer|L. Fusi p:835|||
2|1910|1911|12 HP|A||1001|1050|1001|1050|No car designer|L. Fusi p:835|||
3|1911|1911|24 HP|B||651|700|651|700|No car designer|L. Fusi p:835|||
4|1912|1913|24 HP|C||701|804|701|804|No car designer|L. Fusi p:835|||
5|1912|1913|15 HP|B||1051|1150|1051|1150|No car designer|L. Fusi p:835|||
6|1913|1914|24 HP|D||805|902|805|902|No car designer|L. Fusi p:835|||
7|1913|1914|40-60 HP|-0|||2||2|No car designer|L. Fusi p:835|||
8|1914|1914|Grand Prix|-0||1||2||No car designer|L. Fusi p:835|||
9|1914|1920|20-30 HP|E||3001|3380|3001|3380|No car designer|L. Fusi p:835|||
10|1914|1915|15-20 HP|C||1151|1330|1151|1330|No car designer|L. Fusi p:835|||
11|1914|1915|40-60 HP|F||2001|2028|2001|2028|No car designer|L. Fusi p:835|||
12|1921|1922|20-30 ES Sport|ES||3313|3315|3313|3315|No car designer|L. Fusi p:835|||
13|1921|1922|20-30 ES Sport|ES||3361|3500|3381|3500|No car designer|L. Fusi p:835|||
14|1921|1922|G 1|G||6001|6052|6001|6052|No car designer|L. Fusi p:835|||
15|1922|1922|RL Normale|1'||7001|7100|7001|7100|No car designer|L. Fusi p:835|||
16|1922|1922|RL Sport|1'||7001|7100|7001|7100|No car designer|L. Fusi p:835|||
17|1923|1923|G.P.R. 1923 (P1)|-0||3||4||No car designer|L. Fusi p:835|||
18|1923|1923|RL Normale|2"||7101|7350|7101|7350|No car designer|L. Fusi p:835|||
19|1923|1923|RL Sport|2"||7101|7350|7101|7350|No car designer|L. Fusi p:835|||
20|1923|1923|RL Normale|3"||7351|7850|7351|7850|No car designer|L. Fusi p:835|||
21|1923|1923|RL Sport|3a||7351|7850|7351|7850|No car designer|L. Fusi p:835|||
22|1923|1923|RL Targa Florio|-0||6||6||No car designer|L. Fusi p:835|||
23|1924|1924|RL Normale|4||7851|8350|7851|8350|No car designer|L. Fusi p:835|||
24|1924|1924|RL Sport|4||7851|8350|7851|8350|No car designer|L. Fusi p:835|||
25|1924|1924|RL Normale|5"||8351|8852|8351|8850|No car designer|L. Fusi p:835|||
26|1924|1924|RL Sport|5"||8351|8852|8351|8850|No car designer|L. Fusi p:835|||
27|1924|1924|RL Targa Florio|-0||5||5||No car designer|L. Fusi p:835|||
28|1924|1925|RM Normale|-0||12001|12265|12001|12265|No car designer|L. Fusi p:835|||
29|1924|1925|RM Sport|-0||12001|12265|12001|12265|No car designer|L. Fusi p:835|||
30|1924|1925|Gran Premio P2|P2||6||6||No car designer|L. Fusi p:835|||
31|1925|1925|RL Super Sport|6-||69001|69300|69001|69300|No car designer|L. Fusi p:835|||
32|1925|1925|RL Turismo|6-||69301|69500|69301|69500|No car designer|L. Fusi p:835|||
33|1926|1926|RL Turismo|7-||69501|69700|69501|69700|No car designer|L. Fusi p:835|||
34|1926|1926|RL Super Sport|7-||69701|69850|69701|69850|No car designer|L. Fusi p:835|||
35|1926|1926|RM Unificato|-0||13001|13278|13001|13278|No car designer|L. Fusi p:835|||
36|1927|1928|6C 1500 Normale|-0||110751|111250|110751|211312|No car designer|L. Fusi p:835|||
37|1928|1928|6C 1500 Super Sport|2-||211301|211312|211301|211400|No car designer|L. Fusi p:835|||
38|1928|1928|6C 1500 Sport|-0||211313|211400|211313||No car designer|L. Fusi p:835|||
39|1926|1929|6C 1500 Normale|2-||11501|111800|111501|111800|No car designer|L. Fusi p:835|||
40|1929|1929|6C 1500 Super Sport|2-||211401|211415|211401|211415|No car designer|L. Fusi p:835|||
41|1929|1929|6C 1750 Sport|3-||212506|212783|212506|212783|No car designer|L. Fusi p:835|||
42|1929|1929|6C 1750 Super Sport|3'||312851|312971|312851|312971|No car designer|L. Fusi p:835|||
43|1929|1929|6C 1750 Turismo|3"||411851|412179|411851|412179|No car designer|L. Fusi p:835|||
44|1930|1930|6C 1750 Turismo|3*||412180|412448|412180|412448|No car designer|L. Fusi p:836|||
45|1930|1930|6C 1750 Gran Sport|4||8513001|8513100|8513001|8513100|No car designer|L. Fusi p:836|||
46|1930|1930|6C 1750 Gran Turismo|48||8613201|8613600|8613201|8613600|No car designer|L. Fusi p:836|||
47|1931|1931|6C 1750 Turismo|4"||8713701|8713776|8713701|8713776|No car designer|L. Fusi p:836|||
48|1931|1931|6C 1750 Gran Turismo|5*||10914401|10914660|10914401|10914660|No car designer|L. Fusi p:836|||
49|1931|1931|6C 1750 Gran Turismo Compressore|5"||101014801|101014861|101014801|101014861|No car designer|L. Fusi p:836|||
50|1931|1931|6C 1750 Gran Sport|5a||10814301|10814376|10814301|10814376|No car designer|L. Fusi p:836|||
51|1931|1931|Gran Premio tipo A|A31||4||4||No car designer|L. Fusi p:836|||
52|1932|1932|6C 1750 Turismo|4a||87113777|87114124|87113777|87114124|No car designer|L. Fusi p:836|||
53|1932|1932|6C 1750 Gran Turismo|5*||10914661|10914726|10914661|10914726|No car designer|L. Fusi p:836|||
54|1932|1932|6C 1750 Gran Turismo Compressore|5"||101014862|101014962|101014862|101014962|No car designer|L. Fusi p:836|||
55|1932|1932|6C 1750 Gran Sport|5*||10814377|10814406|10814377|10814406|No car designer|L. Fusi p:836|||
56|1932|1932|8C 2300|1"||2111001|2111050|2111001|2111050|No car designer|L. Fusi p:836|||
57|1932|1932|8C 2300|2*||2211051|2211097|2211051|2211097|No car designer|L. Fusi p:836|||
58|1932|1932|Gran Premio Tipo B|B32||5001|5006|5001|5009|No car designer|L. Fusi p:836|||
59|1933|1933|6C 1750 Turismo|4*||8714125|8714202|8714125|8714202|No car designer|L. Fusi p:836|||
60|1933|1933|6C 1900 Gran Turismo|6*||121315101|121315300|121315101|121315300|No car designer|L. Fusi p:836|||
61|1933|1933|6C 1750 Gran Sport|6a||121215031|121215071|121215031|121215071|No car designer|L. Fusi p:836|||
62|1933|1933|8C 2300|2*||2211098|2211139|2211098|2211139|No car designer|L. Fusi p:836|||
63|1933|1933|8C 2300|3*||2311201|2311243|2311201|2311243|No car designer|L. Fusi p:836|||
64|1934|1934|6C 2300 Turismo|7*||710501|710722|710501|710722|No car designer|L. Fusi p:836|||
65|1934|1934|6C 2300 Gran Turismo|T||700101|700635|700101|700635|No car designer|L. Fusi p:836|||
66|1934|1934|6C 2300 Pescara|T||700101|700635|700101|700635|No car designer|L. Fusi p:836|||
67|1934|1934|8C 2300|H||2311244|2311250|2311244|2311250|No car designer|L. Fusi p:836|||
68|1934|1934|Gran Premio Tipo B 1934|B34||50001|50009|50001|50012|No car designer|L. Fusi p:836|||
69|1935|1935|6C 2300 B Gran Turismo|1*||813001|813015|823001|823184|No car designer|L. Fusi p:836|||
70|1935|1935|6C 2300 B Pescara|-0||813801|813804|823801|823804|No car designer|L. Fusi p:836|||
71|1935|1935|Bimotore (Scud Ferrari)|-0||2||4||No car designer|L. Fusi p:836|||
72|1935|1935|G.P. Tipo 8C 35|8C35||6||6||No car designer|L. Fusi p:836|||
73|1936|1936|6C 2300 B Turismo|1a||814001|814002|814001|814002|No car designer|L. Fusi p:836|||
74|1936|1936|6C 2300 B Gran Turismo|1a||813016|813019|823001|823184|No car designer|L. Fusi p:836|||
75|1936|1936|6C 2300 B Pescara|1a||813805|813809|823805|823809|No car designer|L. Fusi p:836|||
76|1936|1936|8C 2900 A|-0||412001|412010|422001|422010|No car designer|L. Fusi p:836|||
77|1936|1936|G.P. Tipo 12C|12C36||6|0|10||No car designer|L. Fusi p:836|||
78|1937|1937|6C 2300 B Turismo|1"||814003|814081|823001|823184|No car designer|L. Fusi p:836|||
79|1937|1937|6C 2300 B Gran Turismo|1-||813020|813098|823001|823184|No car designer|L. Fusi p:836|||
80|1937|1937|6C 2300 B Pescara|1"||813810|813915|823810|823915|No car designer|L. Fusi p:836|||
81|1937|1937|8C 2900 B|-0||412011|412020|422011|422020|No car designer|L. Fusi p:836|||
82|1937|1937|G.P. Tipo 12C|12C37||4|0|6||No car designer|L. Fusi p:836|||
83|1938|1938|6C 2300 B Gran Turismo|1*||813099|813103|823001|823184|No car designer|L. Fusi p:836|||
84|1938|1938|6C 2300 B Corto|2--||813201|813398|823185|823650|No car designer|L. Fusi p:836|||
85|1938|1938|6C 2300 B Lungo|2*||814101|814316|823185|823650|No car designer|L. Fusi p:836|||
86|1938|1938|6C 2300 B Mille Miglia|2*||815001|815101|823916|823968|No car designer|L. Fusi p:836|||
87|1938|1938|6C 2300 B Mille Miglia|2"||815001|815101|824001|824051|No car designer|L. Fusi p:836|||
88|1938|1938|8C 2900 B|-0||412021|412042|422021|422042|No car designer|L. Fusi p:836|||
89|1938|1938|G.P. Tipo 308|308||4||7||No car designer|L. Fusi p:836|||
90|1938|1938|G.P. Tipo 312|312||3||3||No car designer|L. Fusi p:836|||
91|1938|1938|G.P. Tipo 158|158||6||6||No car designer|L. Fusi p:837|||
92|1938|1938|G.P. Tipo 316|316||3||3||No car designer|L. Fusi p:837|||
93|1939|1939|6C 2300 B Corto|2"||813399|813411|823185|823650|No car designer|L. Fusi p:837|||
94|1939|1939|6C 2300 B Lungo|2*||814317|814345|823185|823650|No car designer|L. Fusi p:837|||
95|1939|1939|6C 2500 Tur. 5 posti|3a||913001|913169|923001|923242|No car designer|L. Fusi p:837|||
96|1939|1939|Tipo 412|412||4||4||No car designer|L. Fusi p:837|||
97|1939|1939|6C 2500 Tur. 6 posti|3"||914001|914073|923001|923242|No car designer|L. Fusi p:837|||
98|1939|1939|6C 2500 Sport|3a||915001|915086|923801|923886|No car designer|L. Fusi p:837|||
99|1939|1939|6C 2500 Super Sport|256||915001|915086|923801|923886|No car designer|L. Fusi p:837|||
100|1939|1939|6C 2500 Coloniale|3*||916001|916002|924001|924002|No car designer|L. Fusi p:837|||
101|1940|1940|6C 2500 Tur. 5 posti|3--||913170|913232|923243|923313|No car designer|L. Fusi p:837|||
102|1940|1940|6C 2500 Tur. 6 posti|3* 3*||914074|914081|923243|923313|No car designer|L. Fusi p:837|||
103|1940|1940|6C 2500 Sport|-0||915087|915118|923887|923918|No car designer|L. Fusi p:837|||
104|1940|1940|6C 2500 Super Sport|256||915087|915118|923887|923918|No car designer|L. Fusi p:837|||
105|1940|1940|G.P. Tipo 158 1940|-0||6||6||No car designer|L. Fusi p:837|||
106|1941|1941|6C 2500 Coloniale|3-||916003|916085|924003|924085|No car designer|L. Fusi p:837|||
107|1941|1941|6C 2500 Sport|3'||915119|915122|923919|923922|No car designer|L. Fusi p:837|||
108|1941|1941|G.P. Tipo 512|512||2||3||No car designer|L. Fusi p:837|||
109|1942|1942|6C 2500 Coloniale|3a||916086|916152|924086|924152|No car designer|L. Fusi p:837|||
110|1942|1942|6C 2500 Sport|3*||915123|915175|923923|923975|No car designer|L. Fusi p:837|||
111|1942|1942|6C 2500 Super Sport|3*||915501|915512|923601|923612|No car designer|L. Fusi p:837|||
112|1943|1943|6C 2500 Tur. 5 posti|3-3"||913233|913283|923314|923370|No car designer|L. Fusi p:837|||
113|1943|1943|6C 2500 Sport|3*||915176|915199|923976|923999|No car designer|L. Fusi p:837|||
114|1943|1943|6C 2500 Super Sport|3*||915513|915528|923613|923628|No car designer|L. Fusi p:837|||
115|1944|1944|6C 2500 Sport|3"||915201|915218|926001|926018|No car designer|L. Fusi p:837|||
116|1945|1945|6C 2500 Sport|3''||915219|915221|926019|926021|No car designer|L. Fusi p:837|||
117|1946|1946|6C 2500 Turismo|3"||913284|913363|923371|923450|No car designer|L. Fusi p:837|||
118|1946|1946|6C 2500 Sport carrozz Touring Pininfarina Alfa "Roccia d'oro"|1947||915222|915287|926019|926085|No car designer|L. Fusi p:837|||
119|1946|1946|6C 2500 Super Sport|1947||915529|915542|923629|923642|No car designer|L. Fusi p:837|||
120|1947|1947|6C 2500 Turismo|3"||913364|913368|923451|923460|No car designer|L. Fusi p:837|||
121|1947|1947|6C 2500 Sport carrozz. Alfa "Freccia d'oro" Touring Pininfarina carrozz.vari|1947||915288|915499|926086|926299|No car designer|L. Fusi p:837|||
122|1947|1947|6C 2500 Super Sport|1947||915543|915613|923643|923713|No car designer|L. Fusi p:837|||
123|1948|1948|6C 2500 Turismo "Mot. Avanzato"|1948||913369|913392|926510|926733|No car designer|L. Fusi p:837|||
124|1948|1948|6C 2500 Sport carrozz. Alfa "Freccia d'oro" Touring Pininfarina carrozz. vari|1948||916001|916313|926300|926613|No car designer|L. Fusi p:837|||
125|1948|1948|6C 2500 Super Sport|1948||915614|915696|923714|923799|No car designer|L. Fusi p:837|||
126|1948|1948|6C 2500 Super Sport|1948||915697|915717|928001|928020|No car designer|L. Fusi p:837|||
127|1948|1948|6C 2500 Compelizione|1948||920001|920003|921001|921003|No car designer|L. Fusi p:837|||
128|1949|1949|6C 2500 Turismo "Mot. Avanzato"|1948||913393|913427|926734|926898|No car designer|L. Fusi p:838|||
129|1949|1949|6C 2500 Sport carrozz. Alfa"Freccia d'oro* Pininfarina carr. Vari|1948||916314|916540|926614|926882|No car designer|L. Fusi p:838|||
130|1949|1949|6C 2500 Super Sport|1948||915718|915890|928021|928200|No car designer|L. Fusi p:838|||
131|1949|1949|6C 2500 Sport "Mot. Avanzato"|1949||917001|917032|926850|926975|No car designer|L. Fusi p:838|||
132|1950|1950|6C 2500 Turismo "Mot. Avanzato"|1948||913428|913445|926980|927030|No car designer|L. Fusi p:838|||
133|1950|1950|6C 2500 Sport "Freccia d'oro"|1948||916541|916700|926883|927200|No car designer|L. Fusi p:838|||
134|1950|1950|6C 2500 Sport|1948||915891|915906|928201|928220|No car designer|L. Fusi p:838|||
135|1950|1950|6C 2500 Sport "Mot. Avanzato"|1949||917033|917099|927000|927123|No car designer|L. Fusi p:838|||
136|1950|1950|6C 2500 Sport con mot. SS|1950||916001|918035|928201|928270|No car designer|L. Fusi p:838|||
137|1950|1950|1900 Berlina|1483||1900.00001|1900.00006|1306.00001|1306.00006|No car designer|L. Fusi p:838|||
138|1951|1951|6C 2500 Super Sport|1948||915907|915926|928221|928370|No car designer|L. Fusi p:838|||
139|1951|1951|6C 2500 Sport "Mot. Avanzalo"|1949||917100|917151|927160|927225|No car designer|L. Fusi p:838|||
140|1951|1951|6C 2500 Sport "Mot. Avanzalo"|1950||918036|918076|928271|928290|No car designer|L. Fusi p:838|||
141|1951|1951|1900 Berlina|1483||1900.00037|1900 01330|1306.00037|1306.01330|No car designer|L. Fusi p:838|||
142|1951|1951|1900 Autotelai|1483||1900.00037|1900.01330|1306.00037|1306.01330|No car designer|L. Fusi p:838|||
143|1951|1951|1900 Sprint|1484||1900C.00051|1900C.00058|1308.00001|1308.00008|No car designer|L. Fusi p:838|||
144|1951|1951|G.P. Tipo 159|159||4||8||No car designer|L. Fusi p:838|||
145|1952|1952|1900 Berlina|1483||1900.01331|1900.01539|1306.01331|1306.01539|No car designer|L. Fusi p:838|||
146|1952|1952|1900 T.I.|1483||1900.01331|1900.01539|1306.01331|1306.01539|No car designer|L. Fusi p:838|||
147|1952|1952|1900 Sprint|1484||1900C.00059|1900C 00123|1308.00009|1308.00112|No car designer|L. Fusi p:838|||
148|1952|1952|1900 Berlina|1483||1900.01600|1900.04785|1306.01600|1306.04785|No car designer|L. Fusi p:838|||
149|1952|1952|1900 Autotelai|1483||1900.01600|1900.04785|1306.01600|1306.04785|No car designer|L. Fusi p:838|||
150|1952|1952|1900 Lunga (cabriolet)|1483||1900L.00071|1900L01100|1306.00100|1306.18275|No car designer|L. Fusi p:838|||
151|1952|1952|1900 M (AR 51)|1412||AR51.00001|AR51.01005|1307.00001|1307.01005|No car designer|L. Fusi p:838|||
152|1952|1952|6C 2500 Sport con mot. SS|1950||918077|916112|928291|928350|No car designer|L. Fusi p:838|||
153|1952|1952|1900 C 52|1359||3||3||No car designer|L. Fusi p:838|||
154|1953|1953|1900 Berlina|1483||1900.04786|1900.08000|1306.04786|1306.08000|No car designer|L. Fusi p:838|||
155|1953|1953|1900 T.I.|1483||1900.04786|1900.08000|1306.04786|1306 08000|No car designer|L. Fusi p:838|||
156|1953|1953|1900 Sprint|1484||1900C.00124|1900C.01650|1308.00113|1308.00649|No car designer|L. Fusi p:838|||
157|1953|1953|1900 M (AR 51)|1412||AR51.01006|AR51.02012|1307.01006|1307.02012|No car designer|L. Fusi p:838|||
158|1953|1953|6C 2500 Sport con mot. SS|1950||918113|918150|928351|928390|No car designer|L. Fusi p:838|||
159|1953|1953|6C 3000 CM|1361||6||6||No car designer|L. Fusi p:838|||
160|1954|1954|1900 Berlina|1483||1900.08001|1900.09999|1306.08001|1306.13150|No car designer|L. Fusi p:838|||
161|1954|1954|1900 Super|1483||1900.12000|1900.12940|1306.13151|1306.14050|No car designer|L. Fusi p:838|||
162|1954|1954|1900 Super Autotelai|1483||1900.12000|1900.12940|1306.13151|1306.14050|No car designer|L. Fusi p:838|||
163|1954|1954|1900 T.l. Super|1483||1900.12000|1900.12940|1306.13151|1306.14050|No car designer|L. Fusi p:838|||
164|1954|1954|1900 Sprint 2* serie|1484||1900C.01651|1900C.01950|1308.00701|1308.00950|No car designer|L. Fusi p:838|||
165|1954|1954|1900 M (AR 52)|1412||AR52.00001|AR52.00155|1307.01100|1307.02100|No car designer|L. Fusi p:838|||
166|1954|1954|Giulietta Sprint|750 B||1493.00011|1493.00023|1315.00001|1315.00012|No car designer|L. Fusi p:838|||
167|1954|1954|2000 Sportiva|1366||4||4||No car designer|L. Fusi p:838|||
168|1955|1955|1900 Super|1483||1900.12941|1900.15700|1306.14051|1306.16500|No car designer|L. Fusi p:839|||
169|1955|1955|1900 Super Autotelai|1483||1900.12941|1900.15700|1306.14051|1306.16500|No car designer|L. Fusi p:839|||
170|1955|1955|1900 T.l. Super|1483||1900.12941|1900.15700|1306.14051|1306.16500|No car designer|L. Fusi p:839|||
171|1955|1955|1900 Sprint 2* serie|1484||1900C.01951|1900C.02200|1308.00951|1308.01600|No car designer|L. Fusi p:839|||
172|1955|1955|1900 Super Sprint|1484||1900C.10001|1900C 10250|1308.10001|1308.10250|No car designer|L. Fusi p:839|||
173|1955|1955|Giulietta Sprint|750 B||1493.00024|1493.01438|1315.00013|1315.01430|No car designer|L. Fusi p:839|||
174|1955|1955|Giulietta Berlina|750 C||1488.00002|1488.01431|1315.50001|1315.51430|No car designer|L. Fusi p:839|||
175|1955|1955|Giulietla Spider|750 D||1495.00016|1495.00017|1315.40001|1315.40002|No car designer|L. Fusi p:839|||
176|1955|1955|750 Competizione|1369||2||2||No car designer|L. Fusi p:839|||
177|1956|1956|1900 Super|1483||1900.15701|1900.17560|1306.16501|1306.18440|No car designer|L. Fusi p:839|||
178|1956|1956|1900 Super Autotelai|1483||1900.15701|1900.17560|1306.16501|1306.18440|No car designer|L. Fusi p:839|||
179|1956|1956|1900 Super Sprint|1484||1900C.10251|1900C.10565|1308.10251|1308.10565|No car designer|L. Fusi p:839|||
180|1956|1956|Giulietta Berlina|750 C||1488.01432|1488.07780|1315.51431|1315 57780|No car designer|L. Fusi p:839|||
181|1956|1956|Giulietta Promiscua|750 C||1488.01432|1488.07780|1315.51431|1315.57780|No car designer|L. Fusi p:839|||
182|1956|1956|Giulietta Sprint|750 B||1493.01439|1493.03545|1315.01431|1315 03285|No car designer|L. Fusi p:839|||
183|1956|1956|Giulietta Sprint Veloce|750 E||1493.01439|1493.03545|1315.30001|1315.30266|No car designer|L. Fusi p:839|||
184|1956|1956|Giulietta Spider|750 D||1495.00018|1495.01039|1315.40003|1315.41023|No car designer|L. Fusi p:839|||
185|1956|1956|Giulietta Spider Veloce|750 F||1495.00018|1495.01039|1315.30001|1315.30266|No car designer|L. Fusi p:839|||
186|1957|1957|1900 Super|1483||1900.17561|1900.19135|1306.18441|1306.19900|No car designer|L. Fusi p:839|||
187|1957|1957|1900 Super Sprint|1484||1900C.10566|1900C.10585|1308.10566|1308.10585|No car designer|L. Fusi p:839|||
188|1957|1957|Giulietta Berlina|750 C||1488.07781|1488.16720|1315.57781|1315.66720|No car designer|L. Fusi p:839|||
189|1957|1957|Giulietta Promiscua|750 C||1488.07781|1488.16720|1315.57781|1315.68720|No car designer|L. Fusi p:839|||
190|1957|1957|Giulietta Sprint|750 B||1493.03546|1493.06008|1315.03286|1315.03399|No car designer|L. Fusi p:839|||
191|1957|1957|Giulietta Sprint|750 B||1493.03546|1493 06008|00100.03400|00100.05400|No car designer|L. Fusi p:839|||
192|1957|1957|Giulietta Sprint Veloce|750 E||1493.03546|1493.06008|1315.30267|1315.30761|No car designer|L. Fusi p:839|||
193|1957|1957|Giulietta T.l.|753||1468.00027|1468.01295|1315.80001|1315.81268|No car designer|L. Fusi p:839|||
194|1957|1957|Giulietta Spider|750 D||1495.01040|1495.03232|1315.41024|1315.43217|No car designer|L. Fusi p:839|||
195|1957|1957|Giulietta Spider Veloce|750 F||1495.01040|1495.03232|1315.30267|1315.30761|No car designer|L. Fusi p:839|||
196|1957|1957|Giulietta Sprint Speciale|101|20|10120.00004|10120.00008|00120.00001|00120.00020|No car designer|L. Fusi p:839|||
197|1957|1957|Giulietta SZ|101|26|10126.00001|10126.00001|00120.00001|00120.00020|No car designer|L. Fusi p:839|||
198|1958|1958|1900 Super|1483||1900.19136|1900.19250|1306.19901|1306.19958|No car designer|L. Fusi p:839|||
199|1958|1958|1900 Super Sprint|1484||1900C.10586|1900C.10600|1308.10586|1308.10600|No car designer|L. Fusi p:839|||
200|1958|1958|Giulietta Berlina|750 C||1488.16721|1488.22492|1315.66721|1315.72492|No car designer|L. Fusi p:839|||
201|1958|1958|Giulietta T.l.|753||1468.01296|1468.11243|1315.81269|1315.91216|No car designer|L. Fusi p:839|||
202|1958|1958|Giulietta Sprint|750 B||1493.06009|1493.07921|00100.05401|00100.06903|No car designer|L. Fusi p:839|||
203|1958|1958|Giulietta Sprint Veloce|750 E||1493.06009|1493.07921|1315.30762|1315.32007|No car designer|L. Fusi p:839|||
204|1958|1958|Giulietta Sprint Veloce|750 E||1493.07922|1493.10301|1315.32008|1315.32738|No car designer|L. Fusi p:840|||
205|1958|1958|Giulietta Spider|750 D||1495.03233|1495.05619|1315.43218|1315.44769|No car designer|L. Fusi p:839|||
206|1958|1958|Giulietta Spider Veloce|750 F||1495.03233|1495.05619|1315.30762|1315.32007|No car designer|L. Fusi p:839|||
207|1958|1958|2000 Berlina|102|0|10200.00001|10200.00319|00200.00001|00200.00319|No car designer|L. Fusi p:839|||
208|1958|1958|2000 Spider|102|4|10204.00004|10204 00066|00204.00004|00204.00066|No car designer|L. Fusi p:839|||
209|1958|1958|Giulietta Sprint Speciale|101|20|10120.00009|10120.00020|00120.00001|00120.00020|No car designer|L. Fusi p:839|||
210|1959|1959|1900 Super|1483||1900.19251|1900.19284|1306.19959|1306.19970|No car designer|L. Fusi p:839|||
211|1959|1959|Giulietta Berlina|750 C||1488.22493|1488.24931|1315.72493|1315.74950|No car designer|L. Fusi p:839|||
212|1959|1959|Giulietta Berlina|101|0|1488.30001|1488.31992|1315.500001|1315.502458|No car designer|L. Fusi p:839|||
213|1959|1959|Giulietta Promiscua|101|22|1488.30001|1488.31992|1315.500001|1315.502458|No car designer|L. Fusi p:839|||
214|1959|1959|Giulietta T.l.|753||1468.11244|1468.17760|1315.91217|1315.97834|No car designer|L. Fusi p:839|||
215|1959|1959|Giulietta T.l.|101|11|1468.20001|1468.24010|1315.800001|1315.803909|No car designer|L. Fusi p:839|||
216|1959|1959|Giulietta Sprint|750 B||1493.07922|1493.10301|1315.06904|1315.09002|No car designer|L. Fusi p:839|||
217|1959|1959|Giulietta Sprint|101|2|1493.20001|1493.21487|1315.010001|1315.014299|No car designer|L. Fusi p:839|||
218|1959|1959|Giulietta Sprint|101|2|1493.20001|1493.21487|00102.14300|00102.14384|No car designer|L. Fusi p:839|||
219|1959|1959|Giulietta Sprint Veloce|101|6|1493.11001|1493.11101|1315.32008|1315.32738|No car designer|L. Fusi p:840|||
220|1959|1959|Giulietta Spider|750 D||1495.05620|1495.07213|1315.44770|1315.45854|No car designer|L. Fusi p:840|||
221|1959|1959|Giulietta Spider|101|3|1495.08001|1495.08537|1315.010001|1315.010509|No car designer|L. Fusi p:840|||
222|1959|1959|Giulietta Spider Veloce|750 F||1495.05620|1495.07213|1315.32008|1315.32738|No car designer|L. Fusi p:840|||
223|1959|1959|Giulietta Spider Veloce|101|7|1495.07501|1495.07612|1315.32008|1315.32738|No car designer|L. Fusi p:840|||
224|1959|1959|Giulietta Sprint Speciale|101|20|10120.00021|10120.00114|00120.00001|00120.00120|No car designer|L. Fusi p:840|||
225|1959|1959|Giulietta SZ|101|26|10126.00001|10126.00126|00120.00001|00120.00120|No car designer|L. Fusi p:840|||
226|1959|1959|2000 Berlina|102|0|10200.00320|10200.01106|00200.00320|00200.01106|No car designer|L. Fusi p:840|||
227|1959|1959|2000 Spider|102|4|10204.00067|10204.01122|00204.00067|00204 01122|No car designer|L. Fusi p:840|||
228|1960|1960|Giulietta T.l.|753||1468.24011|1468.34200|1315.803910|1315.806599|No car designer|L. Fusi p:840|||
229|1960|1960|Giulietta T.l.|101|11|10111.125001|10111.135190|00111.06600|00111.20500|No car designer|L. Fusi p:840|||
230|1960|1960|Giulietta Berlina|750 C||1488.31993|1488.35200|1315.502459|1315.503399|No car designer|L. Fusi p:840|||
231|1960|1960|Giulietta Berlina|101|0|10100.110001|10100.111925|00100.03400|00100.07592|No car designer|L. Fusi p:840|||
232|1960|1960|Giulietta Promiscua|101|22|10100.110001|10100.111925|00100.03400|00100.07592|No car designer|L. Fusi p:840|||
233|1960|1960|Giulietta Sprint 1300|101|2|1493.21488|1493.26200|00102.14385|00102.23835|No car designer|L. Fusi p:840|||
234|1960|1960|Giulietta Sprint 1300|101|2|10102.155001|10102.156384|00102.14385|00102.23835|No car designer|L. Fusi p:840|||
235|1960|1960|Giulietta Sprint Veloce|101|6|10102.155001|10102.156384|00106.00001|00106.01742|No car designer|L. Fusi p:840|||
236|1960|1960|Giulietta Spider|101|3|1495.08538|1495.11900|00102.14385|00102.23835|No car designer|L. Fusi p:840|||
237|1960|1960|Giulietta Spider|101|3|10103.167001|10103.168733|00102.14385|00102.23835|No car designer|L. Fusi p:840|||
238|1960|1960|Giulietta Spider Veloce|101|7|10103.167001|10103.168733|00106.00001|00106.01742|No car designer|L. Fusi p:840|||
239|1960|1960|Giulietta Sprint Speciale|101|20|10120.00115|10120.00376|00120.00121|00120.00442|No car designer|L. Fusi p:840|||
240|1960|1960|Giulietta SZ|101|26|10126.00127|10126.00187|00120.00121|00120.00442|No car designer|L. Fusi p:840|||
241|1960|1960|Giulietta T.l. G.d.|101|9|10109.00001|10109.00430|00109.00001|00109.00430|No car designer|L. Fusi p:840|||
242|1960|1960|2000 Berlina|102|0|10200.01107|10200.02200|00200.01107|00200.02200|No car designer|L. Fusi p:840|||
243|1960|1960|2000 Spider|102|4|10204.01123|10204.03052|00204.01123|00204.03062|No car designer|L. Fusi p:840|||
244|1960|1960|2000 Sprint|102|5|10205.00005|10205.00010|00205.00001|00205.00010|No car designer|L. Fusi p:840|||
245|1961|1961|Giulietta T.l.|101|11|10111.135191|10111.143725|00111.20501|00111.29036|No car designer|L. Fusi p:840|||
246|1961|1961|Giulietta T.l.|101|29|10129.200001|10129.211390|00129.00001|00129.11390|No car designer|L. Fusi p:840|||
247|1961|1961|Giulietta Berlina|101|0|10100.111926|10100.115140|00100.07593|00100.10806|No car designer|L. Fusi p:840|||
248|1961|1961|Giulietta Berlina|101|28|10128.300001|10128 302077|00128.00001|00128.02077|No car designer|L. Fusi p:840|||
249|1961|1961|Giulietta Sprint 1300|101|2|10102.156385 |10102.162690|00102.23836|00102.31542|No car designer|L. Fusi p:840|||
250|1961|1961|Giulietta Sprint Veloce|101|6|10102.156385|10102.162690|00106.01743|00106.02897|No car designer|L. Fusi p:840|||
251|1961|1961|Giulietta Spider|101|3|10103.168734|10103.171903|00102.23836|00102.31542|No car designer|L. Fusi p:840|||
252|1961|1961|Giulietta Spider Veloce|101|7|10103.168734|10103.171903|00106.01743|00106.92897|No car designer|L. Fusi p:840|||
253|1961|1961|Giulietta Sprint Speciale|101|20|10120.00377|10120.00750|00120.00442|00120.01326|No car designer|L. Fusi p:840|||
254|1961|1961|Giulietta Sprint Speciale|101|20|10120.177001|10120.177374|00120.00442|00120.01326|No car designer|L. Fusi p:840|||
255|1961|1961|Giulietta SZ|101|26|10126.00188|10126.00217|00120.00442|00120.01326|No car designer|L. Fusi p:840|||
256|1961|1961|Giulietta T.l. G.d.|101|9|10109.00431|10109.00653|00109.00431|00109.01211|No car designer|L. Fusi p:840|||
257|1961|1961|Giulietta T.l. G.d.|101|9|10109.109001|10109.109223|00109.00431|00109.01211|No car designer|L. Fusi p:840|||
258|1961|1961|2000 Berlina|102|0|10200.100001|10200.100727|00200.02201|00200.02928|No car designer|L. Fusi p:840|||
259|1961|1961|2000 Spider|102|4|10204.03053|10204.03200|00204.03053|00204.03462|No car designer|L. Fusi p:840|||
260|1961|1961|2000 Spider|102|4|10204.102001|10204.102248|00204.03053|00204.03462|No car designer|L. Fusi p:840|||
261|1961|1961|2000 Sprint|102|5|10205.00011|10205.00185|00205.00011|00205 00185|No car designer|L. Fusi p:840|||
262|1961|1961|2000 Sprint|102|5|10205.106184|10205.106660|00205.00186|00205.00662|No car designer|L. Fusi p:840|||
263|1962|1962|Giulietta T.l.|101|29|10129.211391|10129.227697|00129.11391|00120.27697|No car designer|L. Fusi p:840|||
264|1962|1962|Giulietta Berlina|101|28|10128.302078|10128.303551|00128.02078|00128.03551|No car designer|L. Fusi p:840|||
265|1962|1962|Giulietta Sprint 1300|101|2|10102.162691|10102.164108|00102.31543|00102.33882|No car designer|L. Fusi p:840|||
266|1962|1962|Giulietta Sprint Veloce|101|6|10102.162691|10102.164106|00106.01744|00106.02104|No car designer|L. Fusi p:840|||
267|1962|1962|Giulietta Spider|101|3|10103.171904|10103.173086|00102.31543|00102.33882|No car designer|L. Fusi p:840|||
268|1962|1962|Giulietta Spider Veloce|101|7|10103.171904|10103.173066|00106.01744|00106.02104|No car designer|L. Fusi p:840|||
269|1962|1962|Giulietta Sprint Speciale|101|20|10120.177375|10120.177624|00120.01327|00120.01576|No car designer|L. Fusi p:841|||
270|1962|1962|Giulietta T.l. G.d.|101|9|10109.109224|10109.109361|00109.01212|00109.01349|No car designer|L. Fusi p:841|||
271|1962|1962|Giulietta T.l. CKD|101|9|10109.211391|10109.227697|00109.11391|00109.27697|No car designer|L. Fusi p:841|||
272|1962|1962|2000 Sprint|102|5|10205.106661|10205.106708|00205.00662|00205.00710|No car designer|L. Fusi p:841|||
273|1962|1962|2600 Berlina|106|0|10600.800001|10600 800670|00600.00001|00600.00670|No car designer|L. Fusi p:841|||
274|1962|1962|2600 Spider|106|1|10601.191001|10601.191516|00601.00001|00601.00516|No car designer|L. Fusi p:841|||
275|1962|1962|2600 Sprint|106|2|10602.820001|10602.821277|00601.00001|00601.00516|No car designer|L. Fusi p:841|||
276|1962|1962|Giulia T.l. Cambio volante|105|14|10514.400001|10514.406854|00514.00001|00514.07027|No car designer|L. Fusi p:841|||
277|1962|1962|Giulia T.l. CKD|105|9|10509.725001|10509.725172|00514.00001|00514.07027|No car designer|L. Fusi p:841|||
278|1962|1962|Giulia Sprint|101|12|10112.350001|10112.350975|00112.00001|00112.06847|No car designer|L. Fusi p:841|||
279|1962|1962|Giulia Sprint|101|12|10112.352001|10112.355702|00112.00001|00112.06847|No car designer|L. Fusi p:841|||
280|1962|1962|Giulia 1600 Spider|101|23|10123.370001|10123.371096|00112.00001|00112.06847|No car designer|L. Fusi p:841|||
281|1962|1962|Giulia 1600 Spider|101|23|10123.372001|10123.375145|00112.00001|00112.06847|No car designer|L. Fusi p:841|||
282|1963|1963|Giulietta T.l.|101|29|10129.227698|10129.239195|00129.27698|00129.39195|No car designer|L. Fusi p:841|||
283|1963|1963|Giulietta T.l. G.d.|101|9|10109.109362|10109.109364|00109.01350|00109.01352|No car designer|L. Fusi p:841|||
284|1963|1963|Giulietta T.l. CKD|101|9|10109.227698|10109.239195|00109.27698|00109.28031|No car designer|L. Fusi p:841|||
285|1963|1963|Giulietta Sprint 1300|101|2|10102.384001|10102.384289|00102.33883|00102.34172|No car designer|L. Fusi p:841|||
286|1963|1963|Giulietta Berlina|101|28|10128.303552|10128.303882|00128.03552|00128.03882|No car designer|L. Fusi p:841|||
287|1963|1963|2600 Berlina|106|0|10600.800671|10600.801053|00600.00671|00600.01052|No car designer|L. Fusi p:841|||
288|1963|1963|2600 Spider|106|1|10601.191517|10601.192502|00601.00517|00601.06147|No car designer|L. Fusi p:841|||
289|1963|1963|2600 Sprint|106|2|10602.821278|10602.824133|00601.00517|00601.06147|No car designer|L. Fusi p:841|||
290|1963|1963|2600 Berlina CKD|106|7|10607.850001|10607.850373|00607.00001|00607.00373|No car designer|L. Fusi p:841|||
291|1963|1963|Giulia T.l. Cambio volante|105|14|10514.4066551|10514.432527|00514.07028|00514.34651|No car designer|L. Fusi p:841|||
292|1963|1963|Giulia T.l. G.d.|105|9|10509.725173|10509.727123|00514.07028|00514.34651|No car designer|L. Fusi p:841|||
293|1963|1963|Giulia T.l. CKD|105|9|10509.725173|10509 727123|00514.07028|00514.34651|No car designer|L. Fusi p:841|||
294|1963|1963|Giulia T.l. Super|105|16|10516.595001|10516.595178 |00516.00001|00516.00178|No car designer|L. Fusi p:841|||
295|1963|1963|Giulia 1600 Sprint|101|12|10112.355703 |10112.359090|00112.08848|00112.11188|No car designer|L. Fusi p:841|||
296|1963|1963|Giulia Sprint GT|105|2|10502.600001|10502.600848|00502.00001|00502.00848|No car designer|L. Fusi p:841|||
297|1963|1963|Giulia 1600 Spider|101|23|10123.375146|10123.378687|00112.06848|00112.11188|No car designer|L. Fusi p:841|||
298|1963|1963|Giulia 1600 Spider G.d.|101|19|10119.383001|10119.383330|00112.06848|00112.11188|No car designer|L. Fusi p:841|||
299|1963|1963|Giulia Sprint Speciale|101|21|10121.380001|10121.380620|00121.00001|00121.00620|No car designer|L. Fusi p:841|||
300|1963|1963|Giulia TZ1|105|11|10511.750001|10511.750003|00511.00001|00511.00003|No car designer|L. Fusi p:841|||
301|1964|1964|Giulia T.l. cambio volante|105|14|10514.4325281|10514.441797|00514.34652|00514.55888|No car designer|L. Fusi p:841|||
302|1964|1964|Giulia T.l. cambio cloche|105|8|10508.440601|10108.450596|00514.34652|00514.55888|No car designer|L. Fusi p:841|||
303|1964|1964|Giulia T.l. G.d.|105|9|10509.727124|10509.729094|00514.34652|00514.55888|No car designer|L. Fusi p:841|||
304|1964|1964|Giulia T.l. CKD|105|9|10509.727124|10509.729094|00514.34652|00514.55888|No car designer|L. Fusi p:841|||
305|1964|1964|Giulia T.l. Super|105|16|10516.595179|10516.595501|00516.00179|00516.00501|No car designer|L. Fusi p:841|||
306|1964|1964|Giulia GTC|105|25|10525.755001|10525.755106|00502.00849|00502.11793|No car designer|L. Fusi p:841|||
307|1964|1964|Giulia 1600 Sprint|101|12|10112.359091|10112.359106|00112.06849|00112.08810|No car designer|L. Fusi p:841|||
308|1964|1964|Giulia Sprint GT|105|2|10502.600849|10502.610615|00502.00849|00502.11793|No car designer|L. Fusi p:841|||
309|1964|1964|Giulia Sprint GT G.d.|105|4|10504.751001|10504.752072|00502.00849|00502.11793|No car designer|L. Fusi p:841|||
310|1964|1964|Giulia Sprint GT CKD|105|4|10504.751001|10504.752072|00502.00849|00502.11793|No car designer|L. Fusi p:841|||
311|1964|1964|Giulia 1300 Berlina|105|6|10506.550001|10506.562147|00506.00001|00506.11947|No car designer|L. Fusi p:841|||
312|1964|1964|Giulia 1600 Spider|101|23|10123.378688|10123.380565|00112.06849|00112.08810|No car designer|L. Fusi p:841|||
313|1964|1964|Giulia 1600 Spider G.d.|101|19|10119.374639|10119.374638|00112.06849|00112.08810|No car designer|L. Fusi p:841|||
314|1964|1964|Giulia Spider Veloce|101|18|10118.390001|10118.390290|00118.00001|00118.00290|No car designer|L. Fusi p:841|||
315|1964|1964|Giulia Sprint Speciale|101|21|10121.380621|10121.381296|00121.00621|00121.01297|No car designer|L. Fusi p:841|||
316|1964|1964|Giulia TZ1|105|11|10511.750004|10511.750065|00511.00004|00511.00065|No car designer|L. Fusi p:841|||
317|1964|1964|Giulietta Sprint 1300|101|2|10102.384290|10102.385571|00102.34173|00102.35455|No car designer|L. Fusi p:841|||
318|1964|1964|Giulietta T.l.|101|29|10129.239196|10129.244440|00129.39194|00129.40477|No car designer|L. Fusi p:841|||
319|1964|1964|2600 Berlina|106|0|10600.801054|10600.801155|00600.01053|00600.01154|No car designer|L. Fusi p:841|||
320|1964|1964|2600 Spider|106|1|10601.192503|10601.193091|00601.06148|00601.08257|No car designer|L. Fusi p:842|||
321|1964|1964|2600 Sprint|106|2|10602.824134|10602.825654|00601.06148|00601.08257|No car designer|L. Fusi p:842|||
322|1964|1964|2600 Sprint G.d.|106|9|10609.854001|10609.854219|00608.0001|00608.00321|No car designer|L. Fusi p:842|||
323|1964|1964|2600 Spider G.d.|106|8|10608.852001|10608.852102|00608.0001|00608 00321|No car designer|L. Fusi p:842|||
324|1964|1964|2600 Berlina G.d.|106|7|10607.850301|10607.850335|00606.00374|00607.00408|No car designer|L. Fusi p:842|||
325|1965|1965|Giulia T.l. cambio volante|105|14|10514.441798|10514.442929|00514.55889|00514.65204|No car designer|L. Fusi p:842|||
326|1965|1965|Giulia T.l. cambio cloche|105|8|10508.450597|19508.458607|00514.55889|00514.65204|No car designer|L. Fusi p:842|||
327|1965|1965|Giulia T.l. G.d.|105|9|10509.729095|10509.729255|00514.55889|00514.65204|No car designer|L. Fusi p:842|||
328|1965|1965|Giulia T.l. CKD|105|9|10509.729095|10509.729255|00514.55889|00514.65204|No car designer|L. Fusi p:842|||
329|1965|1965|Giulia GTC|105|25|10525.755107|10525.755654|00502.11794|00502.22792|No car designer|L. Fusi p:842|||
330|1965|1965|Giulia Sprint GT|105|2|10502.610616|10502.612999|00502.11794|00502.22792|No car designer|L. Fusi p:842|||
331|1965|1965|Giulia Sprint GT|105|2|10502.614001|10502.616384|00502.11794|00502.22792|No car designer|L. Fusi p:842|||
332|1965|1965|Giulia Sprint GT G.d.|105|4|10504.752073|10504.752500|00502.11794|00502.22792|No car designer|L. Fusi p:842|||
333|1965|1965|Giulia Sprint GT CKD|105|4|10504.752073|10504.752500|00502.11794|00502.22792|No car designer|L. Fusi p:842|||
334|1965|1965|Giulia Sprint GT G.d.|105|4|10504.753001|10504.753428|00502.11794|00502.22792|No car designer|L. Fusi p:842|||
335|1965|1965|Giulia Sprint GT CKD|105|4|10504.753001|10504.753428|00502.11794|00502.22792|No car designer|L. Fusi p:842|||
336|1965|1965|Giulia 1300 Berlina|105|6|10506.562148|10506.576297|00506.11348|00506.24732|No car designer|L. Fusi p:842|||
337|1965|1965|Giulia 1600 Spider|101|23|10123.374639|10123.374935|00112.08822|00112.09106|No car designer|L. Fusi p:842|||
338|1965|1965|Giulia Spider Veloce|101|18|10118.390291|10118.391091|00118.08811|00118.09611|No car designer|L. Fusi p:842|||
339|1965|1965|Giulia Sprint Speciale|101|21|10121.381297|10121.381399|00121.01298|00121.01400|No car designer|L. Fusi p:842|||
340|1965|1965|Giulia TZ1|105|11|10511.750066|10511.750107|00511.00066|00511.00107|No car designer|L. Fusi p:842|||
341|1965|1965|Giulia Super|105|26|10526.305001|10526.325657|00526.00001|00526.21072|No car designer|L. Fusi p:842|||
342|1965|1965|Giulia Super G.d.|105|28|10528.720001|10528.720415|00526.00001|00526.21072|No car designer|L. Fusi p:842|||
343|1965|1965|Giulia Super CKD|105|28|10528.720001|10528.720415|00526.00001|00626.21072|No car designer|L. Fusi p:842|||
344|1965|1965|Giulia GTA|105|32|10532.613001|10532.613356|00502A.18501|00502A.18906|No car designer|L. Fusi p:842|||
345|1965|1965|Giulia GTA G.d.|105|34|10534.752501|10534.752550|00502A.18501|00502A.18906|No car designer|L. Fusi p:842|||
346|1965|1965|Giulia GTC G.d.|105|29|10529.760001|10529.760054|00502.11794|00502.22792|No car designer|L. Fusi p:842|||
347|1965|1965|Giulia GT Veloce|105|36|10536.240001|10536.240769|00536.00001|00536.00769|No car designer|L. Fusi p:842|||
348|1965|1965|Giulia 1300 T.l.|105|39|10539.57576|10539.576142|00539A.0001|00539A.0766|No car designer|L. Fusi p:842|||
349|1965|1965|Telai Spider"4R" Zagato|101|23|10123.374639|10123 374935|00112.08822|00112.09106|No car designer|L. Fusi p:842|||
350|1965|1965|Giulietta Sprint 1300|101|2|10102.385572|10102.386000|00102.35456|00102.35785|No car designer|L. Fusi p:842|||
351|1965|1965|2600 Berlina|106|0|10600.801156|10600 801381|00600.01155|00600.01396|No car designer|L. Fusi p:842|||
352|1965|1965|2600 Berlina G.d.|106|7|10607.850336|10607.850400|00607.00036|00607.00100|No car designer|L. Fusi p:842|||
353|1965|1965|2600 Spider|106|1|10601.193092|10601 193155|00801.06471|00601.08580|No car designer|L. Fusi p:842|||
354|1965|1965|2600 Sprint|106|2|10602.825655|10602.826294|00601.06471|00601.08580|No car designer|L. Fusi p:842|||
355|1965|1965|2600 Sprint G.d.|106|9|10609.854220|10609.854581|00808.00322|00608.00683|No car designer|L. Fusi p:842|||
356|1965|1965|2600 SZ|106|12|10612.856001|10612.856032|00612.00601|00612.00632|No car designer|L. Fusi p:842|||
357|1965|1965|2600 De Luxe|106|16|10616.395001|10616.395016|00600.01155|00600.01396|No car designer|L. Fusi p:842|||
358|1965|1965|Giulia TZ2|105|11|10511.750114|10511.750121|00511.00114|00511.00121|No car designer|L. Fusi p:842|||
359|1966|1966|Giulia Super|105|26|10526.325658|10526.339881|00526.21072|00526.36687|No car designer|L. Fusi p:842|||
360|1966|1966|Giulia Super G.d.|105|28|10528.720416|10528.721807|00526.21072|00526.36687|No car designer|L. Fusi p:842|||
361|1966|1966|Giulia Super CKD|105|28|10528.720416|10528.721807|00526.21072|00526.36687|No car designer|L. Fusi p:842|||
362|1966|1966|Giulia GTA|105|32|10532.613357|10532.613377|00502A.18907|00502A.18927|No car designer|L. Fusi p:842|||
363|1966|1966|Giulia 1300 T.l.|105|39|10539.621001|10539.644732|00539A.0767|00539A.24598|No car designer|L. Fusi p:842|||
364|1966|1966|Giulia GT Veloce|105|36|10536.240770|10536.246897|00536.00770|00536.11033|No car designer|L. Fusi p:842|||
365|1966|1966|Giulia GT Veloce G.d.|105|37|10537.298001|10537.298773|00536.00770|00536.11033|No car designer|L. Fusi p:842|||
366|1966|1966|Giulia GT Veloce CKD|105|37|10537.298001|10537.298773|00536.00770|00536.11033|No car designer|L. Fusi p:842|||
367|1966|1966|Giulia Spider Duetto|105|3|10503.660001|10503 663363 |00536.00770|00536.11033|No car designer|L. Fusi p:842|||
368|1966|1966|Giulia Spider Duetto G.d.|105|5|10505.710001|10505 663363|00536.00770|00536.11033|No car designer|L. Fusi p:842|||
369|1966|1966|Giulia T.l. cambio volante|105|14|10514.442930|10514.443181|00514.65205|00514 70625|No car designer|L. Fusi p:842|||
370|1966|1966|Giulia T.l. cambio cloche|105|8|10508.458608|10508.463401|00514.65205|00514.70625|No car designer|L. Fusi p:842|||
371|1966|1966|Giulia T.l. CKD|105|9|10509.729256|10509.729316|00514.62205|00514.70625|No car designer|L. Fusi p:843|||
372|1966|1966|Giulia GTC|105|25|10525.755655|10525.755905|00502.22449|00502.22902|No car designer|L. Fusi p:843|||
373|1966|1966|Giulia GTC G.d.|105|29|10529.760055|10529.760099|00502.22449|00502.22902|No car designer|L. Fusi p:843|||
374|1966|1966|Giulia Sprint GT|105|2|10502.616385|10502.616517|00502.22449|00502 22902|No car designer|L. Fusi p:843|||
375|1966|1966|Giulia Sprint GT G.d.|105|4|10504.753429|10504.753778|00502.22449|00502.22902|No car designer|L. Fusi p:843|||
376|1966|1966|Giulia 1300 Berlina|105|6|10506.576298|10506.600970|00506.24733|00506.25940|No car designer|L. Fusi p:843|||
377|1966|1966|Giulia GT 1300 Junior|105|30|10530.1200101|10530.1203175|00530.00001|00530.03706|No car designer|L. Fusi p:843|||
378|1966|1966|Giulia GT 1300 Junior G.d.|105|31|10531.1290001|10531.1290002|00530.00001|00530.03706|No car designer|L. Fusi p:843|||
379|1966|1966|Giulia 1300 T.l. CKD|105|40|10540.762001|10540.762366|00539A.0767|00539A.24598|No car designer|L. Fusi p:843|||
380|1966|1966|Giulia TZ1|105|11|10511.750108|10511.750111|00511.00108|00511.00111|No car designer|L. Fusi p:843|||
381|1966|1966|Telai Spider "4R" Zagato|105|8|10508.458608|10508.463401|00514.65205|00514.70625|No car designer|L. Fusi p:843|||
382|1966|1966|Giulia GTA G.d.|105|34|10534.752551|10534.752691|00502A.18907|00502A.18980|No car designer|L. Fusi p:843|||
383|1966|1966|2600 Berlina|106|0|10600.601382|10600.801454|00600.01397|00600.01835|No car designer|L. Fusi p:843|||
384|1966|1966|2600 Sprint|106|2|10602.826295|10602.826403|00601.08581|00601 0�689|No car designer|L. Fusi p:843|||
385|1966|1966|2600 Sprint G.d.|106|9|10609.654582|10609.854596|00608.00684|00608 00699|No car designer|L. Fusi p:843|||
386|1966|1966|2600 SZ|106|12|10612.856033|10612.856091|00612.00633|00612 00692|No car designer|L. Fusi p:843|||
387|1966|1966|2600 De Luxe|106|16|10616.395017|10616.395042|00600.01397|00600.01835|No car designer|L. Fusi p:843|||
388|1967|1967|Giulia Super|105|26|10526.339882|10526.349999|00526.36688|00526 76718|No car designer|L. Fusi p:843|||
389|1967|1967|Giulia Super|105|26|10526.859001|10526.869072|00526.36688|00526.56718|No car designer|L. Fusi p:843|||
390|1967|1967|Giulia Super G.d.|105|28|10528.721808|10528.722647|00526.36688|00526.56718|No car designer|L. Fusi p:843|||
391|1967|1967|Giulia Super CKD|105|28|10528.721808|10528.722647|00526.36688|00526.56718|No car designer|L. Fusi p:843|||
392|1967|1967|Giulia T.l. cambio volante|105|14|10514.443182|10514 443228|00514.70626|00514.71556|No car designer|L. Fusi p:843|||
393|1967|1967|Giulia T.l. cambio cloche|105|8|10508.463402|10508.464286|00514.70626|00514.71556|No car designer|L. Fusi p:843|||
394|1967|1967|Giulia 1300 Berlina|105|6|10506.600971|10506.602274|00506.25941|00506.27275|No car designer|L. Fusi p:843|||
395|1967|1967|Giulia GTA|105|32|10532.613378|10532.613438|00502A.18928|00502A.18968|No car designer|L. Fusi p:843|||
396|1967|1967|Giulia GT Veloce|105|36|10536.246898|10536.252474|00536.11034|00536.20532|No car designer|L. Fusi p:843|||
397|1967|1967|Giulia GT Veloce G.d.|105|37|10537.298774|10537.299737|00536.11034|00536.20532|No car designer|L. Fusi p:843|||
398|1967|1967|Giulia GT Veloce CKD|105|37|10537.298774|10537.299737|00536.11034|00536.20532|No car designer|L. Fusi p:843|||
399|1967|1967|Giulia Spider Duetto|105|3|10503.663364|10503.666321|00536.11034|00530 20532|No car designer|L. Fusi p:843|||
400|1967|1967|Giulia Spider Duetto G.d.|105|5|10505.663364|10505.666321|00536.11034|00536.20532|No car designer|L. Fusi p:843|||
401|1967|1967|Giulia GT 1300 Junior|105|30|10530.1203176|10530.1215542|00530.03707|00530.16544|No car designer|L. Fusi p:843|||
402|1967|1967|Giulia GT 1300 Junior G.d.|105|31|10531.1290003|10631.1290655|00530.03707|00530.16544|No car designer|L. Fusi p:843|||
403|1967|1967|Giulia GT 1300 Junior CKD|105|31|10531.1290003|10531.1290655|00530.03707|00530.16544|No car designer|L. Fusi p:843|||
404|1967|1967|Giulia 1300 T.l.|105|39|10539.644733|10539.722113|00539A.24599|00539A.52514|No car designer|L. Fusi p:843|||
405|1967|1967|Giulia 1300 T.l. G.d.|105|40|10540.762367|10540.762901|00539A.24599|00539A.52514|No car designer|L. Fusi p:843|||
406|1967|1967|Giulia 1300 T.l. CKD|105|40|10540.762367|10640.762901|00539A.24599|00539A.52514|No car designer|L. Fusi p:843|||
407|1967|1967|Giulia TZ1|105|11|10511.750112|10511.750113|00511.00112|00511.00113|No car designer|L. Fusi p:843|||
408|1967|1967|Telai Spider "4R" Zagato|105|8|10508.463402| 0508.464286|00514.65206|00514.71556|No car designer|L. Fusi p:843|||
409|1967|1967|2600 Berlina|106|0|10600.801455|10600.801485|00600.01398|00600.01427|No car designer|L. Fusi p:843|||
410|1967|1967|2600 SZ|106|12|10612.856092|10612.856105|00612.00634|100612.00647|No car designer|L. Fusi p:843|||
411|1967|1967|2600 De Luxe|106|16|10616.3950431|10616.395051|00600.01398|00600.01406|No car designer|L. Fusi p:843|||
412|1967|1967|1750 Berlina|105|48|10548.1300101|10548.1302343|00548.00001|00548.04016|No car designer|L. Fusi p:843|||
413|1967|1967|1750 GT Veloce|105|44|10544.1350001|10544.1350919|00548.00001|00548.04016|No car designer|L. Fusi p:843|||
414|1967|1967|1750 Spider Veloce|105|57|10557.1410001|10557.1410854|00548.00001|00548.04016|No car designer|L. Fusi p:843|||
415|1968|1968|Giulia Super|105|26|10526.869073|10526.875806|00526.56719|00526.64044|No car designer|L. Fusi p:843|||
416|1968|1968|Giulia Super G.d.|105|28|10528.722648|10528.723239|00526.56719|00526.64044|No car designer|L. Fusi p:843|||
417|1968|1968|Giulia Super CKD|105|28|10528.722648|10528.723239|00526.56719|00526 64044|No car designer|L. Fusi p:843|||
418|1968|1968|Giulia 1300 T.l.|105|39|10539.672114|10539.703855|00539A.52515|00539A.85012|No car designer|L. Fusi p:843|||
419|1968|1968|Giulia 1300 T.l. G.d.|105|40|10540.762902|10540.763658|00539A.52515|00539A.85012|No car designer|L. Fusi p:843|||
420|1968|1968|Giulia 1300 T.l. CKD|105|40|10540.762902|10540.763658|00539A.52515|00539A.85012|No car designer|L. Fusi p:843|||
421|1968|1968|Giulia GT 1300 Junior|105|30|10530.1215543|10530.1227447|00530.16544|00530.14572|No car designer|L. Fusi p:843|||
422|1968|1968|Giulia GT 1300 Junior G.d.|105|31|10531.1290656|10531.1291483|00530.16544|00530.14572|No car designer|L. Fusi p:844|||
423|1968|1968|Giulia GT 1300 Junior CKD|105|31|10531.1290656|10531.1291483|00530.16544|00530.14572|No car designer|L. Fusi p:844|||
424|1968|1968|Giulia 1300 Berlina|105|6|10506.602275|10506.602356|00506.27276|00506.27357|No car designer|L. Fusi p:844|||
425|1968|1968|Giulia GT Veloce|105|36|10536.252475|10536.252501|00536.20533|00536.20559|No car designer|L. Fusi p:844|||
426|1968|1968|Giulia GTA 1300 Junior|105|59|10559.775001|10559.775320|00559.00001|00559.00320|No car designer|L. Fusi p:844|||
427|1968|1968|Giulia Spider 1300 Junior|105|91|10591.1670001|10591.1671743|00530.14572|00530.16544|No car designer|L. Fusi p:844|||
428|1968|1968|Giulia Spider 1300 Junior G.d.|105|92|10592.1695001|10592.1695097|00530.14572|00530.16544|No car designer|L. Fusi p:844|||
429|1968|1968|Giulia 1600 S|105|85|10585.1700001|10585.1700332|00585.00001|00585.00332|No car designer|L. Fusi p:844|||
430|1968|1968|Giulia Super Promiscua|105|26|10526.869073|10526.875806|00526.56719|00526.64044|No car designer|L. Fusi p:844|||
431|1968|1968|2600 Berlina|106|0|10600.801486|10600.801511|00600.01428|00600.01453|No car designer|L. Fusi p:844|||
432|1968|1968|Coupe "33 stradale"|105|33|10533.00001|10533.00025|00533.00001|00533.00025|No car designer|L. Fusi p:844|||
433|1968|1968|1750 Berlina|105|49|10548.1302344|10546.1329424|00548.04017|00548.45483|No car designer|L. Fusi p:844|||
434|1968|1968|1750 Berlina G.d.|105|49|10549.1469501|10549.1470048|00548.04017|00548.45483|No car designer|L. Fusi p:844|||
435|1968|1968|1750 Berlina CKD|105|49|10549.1469501|10549.1470048|00548.04017|00548.45483|No car designer|L. Fusi p:844|||
436|1968|1968|1750 Berlina G.s. USA|105|71|10571.1555001|10571.1555141|00551.00001|00551.00547|No car designer|L. Fusi p:844|||
437|1968|1968|1750 GT Veloce|105|44|10544.1350920|10544.1361338|00548.04017|00548.45483|No car designer|L. Fusi p:844|||
438|1968|1968|1750 GT Veloce G.d.|105|45|10545.1450001|10545.1450203|00548.04017|00548.45483|No car designer|L. Fusi p:844|||
439|1968|1968|1750 GT Veloce CKD|105|45|10545.1450001|10545.1450203|00548.04017|00548.45483|No car designer|L. Fusi p:844|||
440|1968|1968|1750 GT Veloce G.s. USA|105|51|10551.1533201|10551 1533347|00551.00001|00551.00547|No car designer|L. Fusi p:844|||
441|1968|1968|1750 Spider Veloce|105|57|10557.1410855|10557.1410872|00548.04017|00548.45483|No car designer|L. Fusi p:844|||
442|1968|1968|1750 Spider Veloce G.d.|105|58|10558.1470001|10558.1470209|00548.04017|00548.45483|No car designer|L. Fusi p:844|||
443|1968|1968|1750 Spider Veloce G.s. USA|105|62|10562.1480001|10562.1480259|00551.00001|00551.00547|No car designer|L. Fusi p:844|||
444|1969|1969|Giulia Super|105|26|10526.882901|10526 899423|00526A.67617|00526A.85000|No car designer|L. Fusi p:844|||
445|1969|1969|Giulia Super G.d.|105|28|10528.723240|10528.724100|00526A.67617|00526A.85000|No car designer|L. Fusi p:844|||
446|1969|1969|Giulia Super CKD|105|28|10528.723240|10528.724100|00526A.67617|00526A.85000|No car designer|L. Fusi p:844|||
447|1969|1969|Giulia 1300 T.l.|105|39|10539.703856|10539.735042|00539A.85013|00539A.117006|No car designer|L. Fusi p:844|||
448|1969|1969|Giulia 1300 T.I. G.d.|105|40|10540.763659|10540.764465|00539A.85013|00539A.117006|No car designer|L. Fusi p:844|||
449|1969|1969|Giulia 1300 T.l. CKD|105|40|10540.763659|10540.764465|00539A.85013|00539A.117006|No car designer|L. Fusi p:844|||
450|1969|1969|Giulia GT 1300 Junior|105|30|10530.1227448|10630.1242301|00530.14573|00530.31066|No car designer|L. Fusi p:844|||
451|1969|1969|Giulia GT 1300 Junior G.d.|105|31|10531.1291484|10531.1292303|00530.14573|00530.31086|No car designer|L. Fusi p:844|||
452|1969|1969|Giulia GT 1300 Junior CKD|105|31|10531.1291484|10531.1292303|00530.14573|00530.31086|No car designer|L. Fusi p:844|||
453|1969|1969|Giulia 1300 Berlina|105|6|10506.602357|10506.602492|00506.27358|00506.27494|No car designer|L. Fusi p:844|||
454|1969|1969|Giulia 1600 S|105|85|10585.1700333|10585.1701929|00585.00333|00585.01932|No car designer|L. Fusi p:844|||
455|1969|1969|Giulia 1600 S G.d.|105|87|10587.1790001|10587.1790003|00585.00333|00585.01932|No car designer|L. Fusi p:844|||
456|1969|1969|Giulia GTA 1300 Junior|105|59|10559.775001|10559.775320|00559.00001|00559.00320|No car designer|L. Fusi p:844|||
457|1969|1969|Giulia Spider 1300 Junior|105|91|10591.1671744|10591.1872503|00530.14573|00530.31086|No car designer|L. Fusi p:844|||
458|1969|1969|Giulia Spider 1300 Junior G.d.|105|92|10592.1695098|10592.1695179|00530.14573|00530.31086|No car designer|L. Fusi p:844|||
459|1969|1969|Giulia Super Promiscua|105|26|10526.875807|10526.899423|00526A.67617|00526A.85000|No car designer|L. Fusi p:844|||
460|1969|1969|1750 Berlina|105|48|10548.1329425|10548.1349999|00548.45484|00548.34055|No car designer|L. Fusi p:844|||
461|1969|1969|1750 Berlina|105|48|10548.1740001|10548.1740416|00548.45484|00548.34065|No car designer|L. Fusi p:844|||
462|1969|1969|1750 Berlina G.d.|105|49|10549.1470049|10549.1471754|00548.45484|00548 34055|No car designer|L. Fusi p:844|||
463|1969|1969|1750 Berlina CKD|105|49|10549.1470049|10549.1471754|00548.45484|00548.34055|No car designer|L. Fusi p:844|||
464|1969|1969|1750 Berlina G.s. USA|105|71|10571.1555142|10571.1555868|00551.00548|00551.02513|No car designer|L. Fusi p:844|||
465|1969|1969|1750 GT Veloce|105|44|10544.1361339|10544.1370043|00548.34055|00548.45484|No car designer|L. Fusi p:844|||
466|1969|1969|1750 GT Veloce G.d.|105|45|10545.1450204|10645.1451657|00548.34055|00548.45484|No car designer|L. Fusi p:844|||
467|1969|1969|1750 GT Veloce G.s. USA|105|51|10551.1533348|10551.1533987|00551.00548|00551.02513|No car designer|L. Fusi p:844|||
468|1969|1969|1750 Spider Veloce|105|57|10557.1410873|10557.1411787|00548.45484|00548.34055|No car designer|L. Fusi p:844|||
469|1969|1969|1750 Spider Veloce G.d.|105|58|10558.1470210|10558.1470495|00548.45484|00548.34055|No car designer|L. Fusi p:844|||
470|1969|1969|1750 Spider Veloce G.s. USA|105|62|10562.1480260|10562.1481405|00551.00548|00551.02513|No car designer|L. Fusi p:844|||
471|1970|1970|Giulia Super|105|26|10526.899424|10526.914118|00526A.85001|00526A.86412|No car designer|L. Fusi p:844|||
472|1970|1970|Giulia Super G.d.|105|28|10528.724101|10528.724817|00526A.85001|00526A.86412|No car designer|L. Fusi p:844|||
473|1970|1970|Giulia Super CKD|105|28|10528.724101|10528.724817|00526A.85001|00526A.86412|No car designer|L. Fusi p:845|||
474|1970|1970|Giulia 1300 T.l.|105|39|10539.735043|10539.760484|00539A.117007|00539A.143453|No car designer|L. Fusi p:845|||
475|1970|1970|Giulia 1300 T.l. G.d.|105|40|10540.764466|10540.765530|00539A.117007|00539A.143453|No car designer|L. Fusi p:845|||
476|1970|1970|Giulia 1300 T.l. CKD|105|40|10540.764466|10540.765530|00539A.117007|00539A.143453|No car designer|L. Fusi p:845|||
477|1970|1970|Giulia GT 1300 Junior|105|30|10530.1242302|10530.1255269|00530.31087|00530.50322|No car designer|L. Fusi p:845|||
478|1970|1970|Giulia GT 1300 Junior G.d.|105|31|10531.1292304|10531.1293029|00530.31087|00530.50322|No car designer|L. Fusi p:845|||
479|1970|1970|Giulia GT 1300 Junior CKD|105|31|10531.1292304|10531.1293029|00530.31087|00530.50322|No car designer|L. Fusi p:845|||
480|1970|1970|Giulia 1300 Berlina|105|6|10506.602493|10506.602786|00506.27495|00506.27788|No car designer|L. Fusi p:845|||
481|1970|1970|Giulia 1300 Super|115|9|11509.2220001|11509.2224452|00530.31087|00530.50322|No car designer|L. Fusi p:845|||
482|1970|1970|Giulia GT 1300 Junior Zagato|105|93|10593.1800001|10593.1800566|00530.31087|00530.50322|No car designer|L. Fusi p:845|||
483|1970|1970|Giulia Spider 1300 Junior|105|91|10591.1672504|10591.1673027|00530.31087|00530.50322|No car designer|L. Fusi p:845|||
484|1970|1970|Giulia GTA 1300 Junior|105|59|10559.775321|10559.775328|00559.00321|00559.00328|No car designer|L. Fusi p:845|||
485|1970|1970|Giulia 1600 S|105|85|10585.1701930|10585.1702212|00585.01933|00585.02215|No car designer|L. Fusi p:845|||
486|1970|1970|1750 Berlina|105|48|10548.1740417|10548.1772000|00548.90001|00548.138077|No car designer|L. Fusi p:845|||
487|1970|1970|1750 Berlina G.d.|105|49|10549.1471756|10549.1474932|00548.45485|00548.138077|No car designer|L. Fusi p:845|||
488|1970|1970|1750 Berlina CKD|105|49|10549.1471756|10549 1474932|00548.45485|00548.138077|No car designer|L. Fusi p:845|||
489|1970|1970|1750 Berlina G.s. USA|105|71|10571.1555869|10571.1556150|00551.02514|00551.04740|No car designer|L. Fusi p:845|||
490|1970|1970|1750 GT Veloce|105|44|10544.1370044|10544.1371585|00548.45485|00548.138077|No car designer|L. Fusi p:845|||
491|1970|1970|1750 GT Veloce G.d.|105|45|10545.1451658|10545.1452569|00548.45485|00540.136077|No car designer|L. Fusi p:845|||
492|1970|1970|1750 GT Veloce CKD|105|45|10545.1451658|10545.1452569|00548.45485|00548.138077|No car designer|L. Fusi p:845|||
493|1970|1970|1750 GT Veloce G.s. USA|105|51|10551.1534507|10551.1534506|00551.02514|00551.04740|No car designer|L. Fusi p:845|||
494|1970|1970|1750 Spider Veloce|105|57|10557.1411788|10557.1412444|00548.45485|00548.138077|No car designer|L. Fusi p:845|||
495|1970|1970|1750 Spider Veloce G.d.|105|58|10558.1470496|10558.1470497|00548.45485|00548.138077|No car designer|L. Fusi p:845|||
496|1970|1970|1750 Spider Veloce G.s. USA|105|62|10562.1481406|10562.1482831|00551.02514|00551.04740|No car designer|L. Fusi p:845|||
497|1970|1970|1750 Berlina cambio autom.|105|73|10573.1780001|10573.1780004|00548.98001|00548.138077|No car designer|L. Fusi p:845|||
498|1971|1971|Giulia Super|105|26|10526.1875001|10526.1691241|00526A.0001|00526A.17253|No car designer|L. Fusi p:845|||
499|1971|1971|Giulia Super G.d.|105|28|10528.784001|10528.785012|00526A.0001|00526A.17253|No car designer|L. Fusi p:845|||
500|1971|1971|Giulia Super CKD|105|28|10528.784001|10528.785012|00526A.0001|00526A.17253|No car designer|L. Fusi p:845|||
501|1971|1971|Giulia 1300 T.l.|105|39|10539.760485|10539.761165|00539A.117008|00539A.117668|No car designer|L. Fusi p:845|||
502|1971|1971|Giulia GT 1300 Junior|105|30|10530.1255270|10530.1269444|00530.70001|00530.125656|No car designer|L. Fusi p:845|||
503|1971|1971|Giulia GT 1300 Junior G.d.|105|31|10531.1295001|10531.1296184|00530.70001|00530.125656|No car designer|L. Fusi p:845|||
504|1971|1971|Giulia GT 1300 Junior CKD|105|31|10531.1295001|10531.1296164|00530.70001|00530.125656|No car designer|L. Fusi p:845|||
505|1971|1971|Giulia 1300 Berlina|105|6|10506.602787|10506.602790|00506.27496|00506.27500|No car designer|L. Fusi p:845|||
506|1971|1971|Giulia GTA 1300 Junior|105|59|10559.7755329|10559.7755350|00559.00322|00559.00343|No car designer|L. Fusi p:845|||
507|1971|1971|Giulia 1300 Super|115|9|11509.2224453|11509.2262165|00530.70001|00530.125656|No car designer|L. Fusi p:845|||
508|1971|1971|Giulia 1300 Super G.d.|115|10|11510.229401|11510.230877|00530.70001|00630.125656|No car designer|L. Fusi p:845|||
509|1971|1971|Giulia 1300 Super CKD|115|10|11510.229401|11510.230877|00530.70001|00530.125656|No car designer|L. Fusi p:845|||
510|1971|1971|Giulia Spider 1300 Junior|105|91|10591.1673028|10591.1773776|00530.70001|00530.125656|No car designer|L. Fusi p:845|||
511|1971|1971|Giulia GT 1300 Junior Zagato|105|93|10593.1800567|10593.1800924|00530.70001|00530.125656|No car designer|L. Fusi p:845|||
512|1971|1971|1750 Berlina|105|48|10548.1772001|10548.1785410|00548.138078|00548.160949|No car designer|L. Fusi p:845|||
513|1971|1971|1750 Berlina G.d.|105|49|10549.1474933|10549.1477791|00548.138078|00548.160949|No car designer|L. Fusi p:845|||
514|1971|1971|1750 Berlina CKD|105|49|10549.1474933|10549.1477791|00548.138078|00548.160949|No car designer|L. Fusi p:845|||
515|1971|1971|1750 Berlina G.s. USA|105|71|10571.1556151|10571.1556750|00551.04741|00551.07702|No car designer|L. Fusi p:845|||
516|1971|1971|1750 Berlina cambio autom.|105|73|10573.1780005|10573.1780007|00546.138078|00548.160949|No car designer|L. Fusi p:845|||
517|1971|1971|1750 GT Veloce|105|44|10544.1371586|10544 1376224|00548.136078|00548 160949|No car designer|L. Fusi p:845|||
518|1971|1971|1750 GT Veloce G.d.|105|45|10545.1452570|10545.1453556|00548.136078|00548 160949|No car designer|L. Fusi p:845|||
519|1971|1971|1750 GT Veloce CKD|105|45|10545.1452570|10545.1453558|00548.138078|00548.160949|No car designer|L. Fusi p:845|||
520|1971|1971|1750 GT Veloce G.s. USA|105|51|10551.1534507|10551 1535657|00551.04741|00551.07702|No car designer|L. Fusi p:845|||
521|1971|1971|1750 Spider Veloce|105|57|10557.1412445|10557 1413036|00548.138078|00548.160949|No car designer|L. Fusi p:845|||
522|1971|1971|1750 Spider Veloce G.d.|105|58|10558.1470498|10558.1470632|00548.138078|00548.160949|Carrozzeria Pininfarina|L. Fusi p:845|||
523|1971|1971|1750 Spider Veloce G.s. USA|105|62|10562.1482832|10562.1484042|00551.04741|00551.07702|Carrozzeria Pininfarina|L. Fusi p:845|||
524|1971|1971|2000 Berlina|105|12|10512.2300001|10512.2314762|00512.00001|00512.10226|No car designer|L. Fusi p:845|||
525|1971|1971|2000 Berlina G.d.|105|15|10515.2400001|10515.2400653|00512.00001|00512.10226|No car designer|L. Fusi p:846|||
526|1971|1971|2000 Berlina CKD|105|15|10515.2400001|10515.2400653|00512.00001|00512.10226|No car designer|L. Fusi p:846|||
527|1971|1971|2000 Berlina G.s. USA|115|0|11500.3000001|11500.3000002|01500.00001|01500.00016|No car designer|L. Fusi p:846|||
528|1971|1971|2000 Berlina cambio aut.|105|54|10554.2480001|10554.2480002|00512.00001|00512.10226|No car designer|L. Fusi p:846|||
529|1971|1971|2000 GT Veloce|105|21|10521.2420001|10521.2426702|00512.00001|00512.10226|No car designer|L. Fusi p:846|||
530|1971|1971|2000 GT Veloce G.d.|105|22|10522.2410001|10522.2410247|00512.00001|00512.10226|No car designer|L. Fusi p:846|||
531|1971|1971|2000 GT Veloce CKD|105|22|10522.2410001|10522.2410247|00512.00001|00512.10226|No car designer|L. Fusi p:846|||
532|1971|1971|2000 GT Veloce G.s. USA|115|1|11501.3020001|11501.3020002|01500.00001|01500.00016|No car designer|L. Fusi p:846|||
533|1971|1971|2000 Spider Veloce|105|24|10524.2460001|10524.2460733|00512.00001|00512.10226|No car designer|L. Fusi p:846|||
534|1971|1971|2000 Spider Veloce G.d.|105|27|10527.2470001|10527.2470078|00512.00001|00512.10226|No car designer|L. Fusi p:846|||
535|1971|1971|2000 Spider Veloce G.s. USA|115|2|11502.3040001|11502.3040012|01500.00001|01500.00016|No car designer|L. Fusi p:846|||
536|1971|1971|Montreal|105|64|10564.1425101|10564.1425668|00564.00001|00564.00668|No car designer|L. Fusi p:846|||
537|1972|1972|Giulia Super|105|26|10526.1891242|10526.1896400|00526A.17254|00526A.27750|No car designer|L. Fusi p:846|||
538|1972|1972|Giulia Super|105|26|10526.1980001|10526.1984400|00526A.17254|00526A.27750|No car designer|L. Fusi p:846|||
539|1972|1972|Giulia Super G.d.|105|28|10528.785013|10528.785948|00526A.17254|00526A.27750|No car designer|L. Fusi p:846|||
540|1972|1972|Giulia Super CKD|105|28|10528.785013|10528.785948|00526A.17254|00526A.27750|No car designer|L. Fusi p:846|||
541|1972|1972|Giulia 1300 T.l.|105|39|10539.761166|10539.761245|00539A.117690|00539A.117770|No car designer|L. Fusi p:846|||
542|1972|1972|Giulia GT 1300 Junior|105|30|10530.1269445|10530.1276072|00530.125657|00530.158330|No car designer|L. Fusi p:846|||
543|1972|1972|Giulia GT 1300 Junior G.d.|105|31|10531.1296185|10531.1296524|00530.125657|00530.158330|No car designer|L. Fusi p:846|||
544|1972|1972|Giulia GT 1300 Junior CKD|105|31|10531.1296185|10531.1296524|00530.125657|00530.158330|No car designer|L. Fusi p:846|||
545|1972|1972|Giulia GTA 1300 Junior|105|59|10559.7755351|10559.7755365|00559.00344|00559.00360|No car designer|L. Fusi p:846|||
546|1972|1972|Giulia 1300 Super|115|9|11509.2262166|11509.2269100|00530.125657|00530.158330|No car designer|L. Fusi p:846|||
547|1972|1972|Giulia 1300 Super|115|9|11509.2272001|11509.2295900|00530.125657|00530.158330|No car designer|L. Fusi p:846|||
548|1972|1972|Giulia 1300 Super G.d.|115|10|11510.230878|11510.231813|00530.125657|00530.158330|No car designer|L. Fusi p:846|||
549|1972|1972|Giulia 1300 Super CKD|115|10|11510.230878|11510.231813|00530.125657|00530.158330|No car designer|L. Fusi p:846|||
550|1972|1972|Giulia Spider 1300 Junior|105|91|10591.1673777|10591.1674360|00530.125657|00530.158330|No car designer|L. Fusi p:846|||
551|1972|1972|Giulia GT 1300 Junior Zagato|105|93|10593.1800925|10593.1801110|00530.125657|00530.158330|No car designer|L. Fusi p:846|||
552|1972|1972|Giulia GT 1600 Junior|115|3|11503.2195001|11503.2198610|00538.00001|00536.05425|No car designer|L. Fusi p:846|||
553|1972|1972|Giulia GT 1600 Junior G.d.|115|5|11505.2205101|11505.2205990|00536.00001|00536.05425|No car designer|L. Fusi p:846|||
554|1972|1972|Giulia GT 1600 Junior CKD|115|5|11505.2205101|11505.2205990|00536.00001|00536.05425|No car designer|L. Fusi p:846|||
555|1972|1972|Giulia Spider 1600|115|7|11507.2208001|11507.2208928|00536.00001|00536.06425|No car designer|L. Fusi p:846|||
556|1972|1972|Giulia 1600 Coupe Zagato|115|24|11524.3060001|11524.3060100|00536S.0001|00536S.0100|No car designer|L. Fusi p:846|||
557|1972|1972|1750 Berlina|105|48|10548.1785411|10548.1785485|00548.160950|00548.161031|No car designer|L. Fusi p:846|||
558|1972|1972|1750 GT Veloce|105|44|10544.1376225|10544.1376232|00548.160950|00548.161031|No car designer|L. Fusi p:846|||
559|1972|1972|1750 Berlina G.s. USA|105|71|10571.1556751|10571.1556759|00551.07703|00551.07736|No car designer|L. Fusi p:846|||
560|1972|1972|1750 GT Veloce G.s. USA|105|51|10551.1535658|10551.1535675|00551.07703|00551.07736|No car designer|L. Fusi p:846|||
561|1972|1972|1750 Spider Veloce G.s. USA|105|62|10562.1484043|10562.1484050|00551.07703|00551.07736|No car designer|L. Fusi p:846|||
562|1972|1972|2000 Berlina|105|12|10512.2314763|10512.2344247|00512.10227|00512.57288|No car designer|L. Fusi p:846|||
563|1972|1972|2000 Berlina G.d.|105|15|10515.2400654|10515.2404017|00512.10227|00512.57288|No car designer|L. Fusi p:846|||
564|1972|1972|2000 Berlina CKD|105|15|10515.2400654|10515.2404017|00512.10227|00512.57288|No car designer|L. Fusi p:846|||
565|1972|1972|2000 GT Veloce|105|21|10521.2426703|10521.2436927|00512.10227|00512.57288|No car designer|L. Fusi p:846|||
566|1972|1972|2000 GT Veloce G.d.|105|22|10522.2410248|10522.2412156|00512.10227|00512.57288|No car designer|L. Fusi p:846|||
567|1972|1972|2000 GT Veloce CKD|105|22|10522.2410248|10522 2412156|00512.10227|00512.57288|No car designer|L. Fusi p:846|||
568|1972|1972|2000 Spider Veloce|105|24|10524.2460734|10524.2462258|00512.10227|00512.57288|No car designer|L. Fusi p:846|||
569|1972|1972|2000 Spider Veloce G.d.|105|27|10527.2470079|10527.2470446|00512.10227|00512.57288|No car designer|L. Fusi p:846|||
570|1972|1972|2000 Berlina G.s. USA|115|0|11500.3000003|11500.3001057|01500.00017|01500.03247|No car designer|L. Fusi p:846|||
571|1972|1972|2000 GT Veloce G.s. USA|115|1|11501.3020003|11501.3021166|01500.00017|01500.03247|No car designer|L. Fusi p:846|||
572|1972|1972|2000 Spider Veloce G.s. USA|115|2|11502.3040013|11502.3041024|01500.00017|01500.03247|No car designer|L. Fusi p:846|||
573|1972|1972|2000 Berlina cambio aut.|105|54|10554.2480003|10554.2480188|00512.10227|00512.57288|No car designer|L. Fusi p:846|||
574|1972|1972|Montreal|105|64|10564.1425669|10564.1428045|00564.00669|00564.03045|No car designer|L. Fusi p:846|||
575|1972|1972|Alfetta|116|8|11608.2001001|11608.2018854|01608.00001|01608.08954|No car designer|L. Fusi p:846|||
576|1972|1972|Alfetta CKD|116|9|11609.2160001|11609.2160100|01608.00001|01608.08954|No car designer|L. Fusi p:846|||
577|1972|1972|Alfasud Berlina 4P G|901A||901AS.5000001|901AS.60000000|AS 30100.000001|AS30100.600000|No car designer|L. Fusi p:846|||
